Id,Name,ISO3,ISO2,NumericCode,PhoneCode,Capital,Currency,CurrencyName,CurrencySymbol,Tld,NativeName,RegionId,SubregionId,Latitude,Longitude,Emoji
1,Afghanistan,AFG,AF,004,93,Kabul,AFN,Afghan afghani,Ø‹,.af,Ø§ÙØºØ§Ù†Ø³ØªØ§Ù†,3,14,33.00000000,65.00000000,ğŸ‡¦ğŸ‡«
2,Aland Islands,ALA,AX,248,+358-18,Mariehamn,EUR,Euro,â‚¬,.ax,Ã…land,4,18,60.11666700,19.90000000,ğŸ‡¦ğŸ‡½
3,Albania,ALB,AL,008,355,Tirana,ALL,Albanian lek,Lek,.al,ShqipÃ«ria,4,16,41.00000000,20.00000000,ğŸ‡¦ğŸ‡±
4,Algeria,DZA,DZ,012,213,Algiers,DZD,Algerian dinar,Ø¯Ø¬,.dz,Ø§Ù„Ø¬Ø²Ø§Ø¦Ø±,1,1,28.00000000,3.00000000,ğŸ‡©ğŸ‡¿
5,American Samoa,ASM,AS,016,+1-684,Pago Pago,USD,US Dollar,$,.as,American Samoa,5,22,-14.33333333,-170.00000000,ğŸ‡¦ğŸ‡¸
6,Andorra,AND,AD,020,376,Andorra la Vella,EUR,Euro,â‚¬,.ad,Andorra,4,16,42.50000000,1.50000000,ğŸ‡¦ğŸ‡©
7,Angola,AGO,AO,024,244,Luanda,AOA,Angolan kwanza,Kz,.ao,Angola,1,2,-12.50000000,18.50000000,ğŸ‡¦ğŸ‡´
8,Anguilla,AIA,AI,660,+1-264,The Valley,XCD,East Caribbean dollar,$,.ai,Anguilla,2,7,18.25000000,-63.16666666,ğŸ‡¦ğŸ‡®
9,Antarctica,ATA,AQ,010,672,,AAD,Antarctican dollar,$,.aq,Antarctica,6,,-74.65000000,4.48000000,ğŸ‡¦ğŸ‡¶
10,Antigua And Barbuda,ATG,AG,028,+1-268,St. John's,XCD,Eastern Caribbean dollar,$,.ag,Antigua and Barbuda,2,7,17.05000000,-61.80000000,ğŸ‡¦ğŸ‡¬
11,Argentina,ARG,AR,032,54,Buenos Aires,ARS,Argentine peso,$,.ar,Argentina,2,8,-34.00000000,-64.00000000,ğŸ‡¦ğŸ‡·
12,Armenia,ARM,AM,051,374,Yerevan,AMD,Armenian dram,Ö,.am,Õ€Õ¡ÕµÕ¡Õ½Õ¿Õ¡Õ¶,3,11,40.00000000,45.00000000,ğŸ‡¦ğŸ‡²
13,Aruba,ABW,AW,533,297,Oranjestad,AWG,Aruban florin,Æ’,.aw,Aruba,2,7,12.50000000,-69.96666666,ğŸ‡¦ğŸ‡¼
14,Australia,AUS,AU,036,61,Canberra,AUD,Australian dollar,$,.au,Australia,5,19,-27.00000000,133.00000000,ğŸ‡¦ğŸ‡º
15,Austria,AUT,AT,040,43,Vienna,EUR,Euro,â‚¬,.at,Ã–sterreich,4,17,47.33333333,13.33333333,ğŸ‡¦ğŸ‡¹
16,Azerbaijan,AZE,AZ,031,994,Baku,AZN,Azerbaijani manat,m,.az,AzÉ™rbaycan,3,11,40.50000000,47.50000000,ğŸ‡¦ğŸ‡¿
18,Bahrain,BHR,BH,048,973,Manama,BHD,Bahraini dinar,.Ø¯.Ø¨,.bh,â€Ø§Ù„Ø¨Ø­Ø±ÙŠÙ†,3,11,26.00000000,50.55000000,ğŸ‡§ğŸ‡­
19,Bangladesh,BGD,BD,050,880,Dhaka,BDT,Bangladeshi taka,à§³,.bd,Bangladesh,3,14,24.00000000,90.00000000,ğŸ‡§ğŸ‡©
20,Barbados,BRB,BB,052,+1-246,Bridgetown,BBD,Barbadian dollar,Bds$,.bb,Barbados,2,7,13.16666666,-59.53333333,ğŸ‡§ğŸ‡§
21,Belarus,BLR,BY,112,375,Minsk,BYN,Belarusian ruble,Br,.by,Ğ‘ĞµĞ»Ğ°Ñ€ÑƒÌÑÑŒ,4,15,53.00000000,28.00000000,ğŸ‡§ğŸ‡¾
22,Belgium,BEL,BE,056,32,Brussels,EUR,Euro,â‚¬,.be,BelgiÃ«,4,17,50.83333333,4.00000000,ğŸ‡§ğŸ‡ª
23,Belize,BLZ,BZ,084,501,Belmopan,BZD,Belize dollar,$,.bz,Belize,2,9,17.25000000,-88.75000000,ğŸ‡§ğŸ‡¿
24,Benin,BEN,BJ,204,229,Porto-Novo,XOF,West African CFA franc,CFA,.bj,BÃ©nin,1,3,9.50000000,2.25000000,ğŸ‡§ğŸ‡¯
25,Bermuda,BMU,BM,060,+1-441,Hamilton,BMD,Bermudian dollar,$,.bm,Bermuda,2,6,32.33333333,-64.75000000,ğŸ‡§ğŸ‡²
26,Bhutan,BTN,BT,064,975,Thimphu,BTN,Bhutanese ngultrum,Nu.,.bt,Ê¼brug-yul,3,14,27.50000000,90.50000000,ğŸ‡§ğŸ‡¹
27,Bolivia,BOL,BO,068,591,Sucre,BOB,Bolivian boliviano,Bs.,.bo,Bolivia,2,8,-17.00000000,-65.00000000,ğŸ‡§ğŸ‡´
155,"Bonaire, Sint Eustatius and Saba",BES,BQ,535,599,Kralendijk,USD,United States dollar,$,.an,Caribisch Nederland,2,7,12.15000000,-68.26666700,ğŸ‡§ğŸ‡¶
28,Bosnia and Herzegovina,BIH,BA,070,387,Sarajevo,BAM,Bosnia and Herzegovina convertible mark,KM,.ba,Bosna i Hercegovina,4,16,44.00000000,18.00000000,ğŸ‡§ğŸ‡¦
29,Botswana,BWA,BW,072,267,Gaborone,BWP,Botswana pula,P,.bw,Botswana,1,5,-22.00000000,24.00000000,ğŸ‡§ğŸ‡¼
30,Bouvet Island,BVT,BV,074,0055,,NOK,Norwegian Krone,kr,.bv,BouvetÃ¸ya,,,-54.43333333,3.40000000,ğŸ‡§ğŸ‡»
31,Brazil,BRA,BR,076,55,Brasilia,BRL,Brazilian real,R$,.br,Brasil,2,8,-10.00000000,-55.00000000,ğŸ‡§ğŸ‡·
32,British Indian Ocean Territory,IOT,IO,086,246,Diego Garcia,USD,United States dollar,$,.io,British Indian Ocean Territory,1,4,-6.00000000,71.50000000,ğŸ‡®ğŸ‡´
33,Brunei,BRN,BN,096,673,Bandar Seri Begawan,BND,Brunei dollar,B$,.bn,Negara Brunei Darussalam,3,13,4.50000000,114.66666666,ğŸ‡§ğŸ‡³
34,Bulgaria,BGR,BG,100,359,Sofia,BGN,Bulgarian lev,Ğ›Ğ².,.bg,Ğ‘ÑŠĞ»Ğ³Ğ°Ñ€Ğ¸Ñ,4,15,43.00000000,25.00000000,ğŸ‡§ğŸ‡¬
35,Burkina Faso,BFA,BF,854,226,Ouagadougou,XOF,West African CFA franc,CFA,.bf,Burkina Faso,1,3,13.00000000,-2.00000000,ğŸ‡§ğŸ‡«
36,Burundi,BDI,BI,108,257,Bujumbura,BIF,Burundian franc,FBu,.bi,Burundi,1,4,-3.50000000,30.00000000,ğŸ‡§ğŸ‡®
37,Cambodia,KHM,KH,116,855,Phnom Penh,KHR,Cambodian riel,KHR,.kh,KÃ¢mpÅ­chÃ©a,3,13,13.00000000,105.00000000,ğŸ‡°ğŸ‡­
38,Cameroon,CMR,CM,120,237,Yaounde,XAF,Central African CFA franc,FCFA,.cm,Cameroon,1,2,6.00000000,12.00000000,ğŸ‡¨ğŸ‡²
39,Canada,CAN,CA,124,1,Ottawa,CAD,Canadian dollar,$,.ca,Canada,2,6,60.00000000,-95.00000000,ğŸ‡¨ğŸ‡¦
40,Cape Verde,CPV,CV,132,238,Praia,CVE,Cape Verdean escudo,$,.cv,Cabo Verde,1,3,16.00000000,-24.00000000,ğŸ‡¨ğŸ‡»
41,Cayman Islands,CYM,KY,136,+1-345,George Town,KYD,Cayman Islands dollar,$,.ky,Cayman Islands,2,7,19.50000000,-80.50000000,ğŸ‡°ğŸ‡¾
42,Central African Republic,CAF,CF,140,236,Bangui,XAF,Central African CFA franc,FCFA,.cf,KÃ¶dÃ¶rÃ¶sÃªse tÃ® BÃªafrÃ®ka,1,2,7.00000000,21.00000000,ğŸ‡¨ğŸ‡«
43,Chad,TCD,TD,148,235,N'Djamena,XAF,Central African CFA franc,FCFA,.td,Tchad,1,2,15.00000000,19.00000000,ğŸ‡¹ğŸ‡©
44,Chile,CHL,CL,152,56,Santiago,CLP,Chilean peso,$,.cl,Chile,2,8,-30.00000000,-71.00000000,ğŸ‡¨ğŸ‡±
45,China,CHN,CN,156,86,Beijing,CNY,Chinese yuan,Â¥,.cn,ä¸­å›½,3,12,35.00000000,105.00000000,ğŸ‡¨ğŸ‡³
46,Christmas Island,CXR,CX,162,61,Flying Fish Cove,AUD,Australian dollar,$,.cx,Christmas Island,5,19,-10.50000000,105.66666666,ğŸ‡¨ğŸ‡½
47,Cocos (Keeling) Islands,CCK,CC,166,61,West Island,AUD,Australian dollar,$,.cc,Cocos (Keeling) Islands,5,19,-12.50000000,96.83333333,ğŸ‡¨ğŸ‡¨
48,Colombia,COL,CO,170,57,BogotÃ¡,COP,Colombian peso,$,.co,Colombia,2,8,4.00000000,-72.00000000,ğŸ‡¨ğŸ‡´
49,Comoros,COM,KM,174,269,Moroni,KMF,Comorian franc,CF,.km,Komori,1,4,-12.16666666,44.25000000,ğŸ‡°ğŸ‡²
50,Congo,COG,CG,178,242,Brazzaville,XAF,Central African CFA franc,FC,.cg,RÃ©publique du Congo,1,2,-1.00000000,15.00000000,ğŸ‡¨ğŸ‡¬
52,Cook Islands,COK,CK,184,682,Avarua,NZD,Cook Islands dollar,$,.ck,Cook Islands,5,22,-21.23333333,-159.76666666,ğŸ‡¨ğŸ‡°
53,Costa Rica,CRI,CR,188,506,San Jose,CRC,Costa Rican colÃ³n,â‚¡,.cr,Costa Rica,2,9,10.00000000,-84.00000000,ğŸ‡¨ğŸ‡·
54,Cote D'Ivoire (Ivory Coast),CIV,CI,384,225,Yamoussoukro,XOF,West African CFA franc,CFA,.ci,,1,3,8.00000000,-5.00000000,ğŸ‡¨ğŸ‡®
55,Croatia,HRV,HR,191,385,Zagreb,HRK,Croatian kuna,kn,.hr,Hrvatska,4,16,45.16666666,15.50000000,ğŸ‡­ğŸ‡·
56,Cuba,CUB,CU,192,53,Havana,CUP,Cuban peso,$,.cu,Cuba,2,7,21.50000000,-80.00000000,ğŸ‡¨ğŸ‡º
249,CuraÃ§ao,CUW,CW,531,599,Willemstad,ANG,Netherlands Antillean guilder,Æ’,.cw,CuraÃ§ao,2,7,12.11666700,-68.93333300,ğŸ‡¨ğŸ‡¼
57,Cyprus,CYP,CY,196,357,Nicosia,EUR,Euro,â‚¬,.cy,ÎšÏÏ€ÏÎ¿Ï‚,4,16,35.00000000,33.00000000,ğŸ‡¨ğŸ‡¾
58,Czech Republic,CZE,CZ,203,420,Prague,CZK,Czech koruna,KÄ,.cz,ÄŒeskÃ¡ republika,4,15,49.75000000,15.50000000,ğŸ‡¨ğŸ‡¿
51,Democratic Republic of the Congo,COD,CD,180,243,Kinshasa,CDF,Congolese Franc,FC,.cd,RÃ©publique dÃ©mocratique du Congo,1,2,0.00000000,25.00000000,ğŸ‡¨ğŸ‡©
59,Denmark,DNK,DK,208,45,Copenhagen,DKK,Danish krone,Kr.,.dk,Danmark,4,18,56.00000000,10.00000000,ğŸ‡©ğŸ‡°
60,Djibouti,DJI,DJ,262,253,Djibouti,DJF,Djiboutian franc,Fdj,.dj,Djibouti,1,4,11.50000000,43.00000000,ğŸ‡©ğŸ‡¯
61,Dominica,DMA,DM,212,+1-767,Roseau,XCD,Eastern Caribbean dollar,$,.dm,Dominica,2,7,15.41666666,-61.33333333,ğŸ‡©ğŸ‡²
62,Dominican Republic,DOM,DO,214,+1-809 and 1-829,Santo Domingo,DOP,Dominican peso,$,.do,RepÃºblica Dominicana,2,7,19.00000000,-70.66666666,ğŸ‡©ğŸ‡´
63,East Timor,TLS,TL,626,670,Dili,USD,United States dollar,$,.tl,Timor-Leste,3,13,-8.83333333,125.91666666,ğŸ‡¹ğŸ‡±
64,Ecuador,ECU,EC,218,593,Quito,USD,United States dollar,$,.ec,Ecuador,2,8,-2.00000000,-77.50000000,ğŸ‡ªğŸ‡¨
65,Egypt,EGY,EG,818,20,Cairo,EGP,Egyptian pound,Ø¬.Ù…,.eg,Ù…ØµØ±â€,1,1,27.00000000,30.00000000,ğŸ‡ªğŸ‡¬
66,El Salvador,SLV,SV,222,503,San Salvador,USD,United States dollar,$,.sv,El Salvador,2,9,13.83333333,-88.91666666,ğŸ‡¸ğŸ‡»
67,Equatorial Guinea,GNQ,GQ,226,240,Malabo,XAF,Central African CFA franc,FCFA,.gq,Guinea Ecuatorial,1,2,2.00000000,10.00000000,ğŸ‡¬ğŸ‡¶
68,Eritrea,ERI,ER,232,291,Asmara,ERN,Eritrean nakfa,Nfk,.er,áŠ¤áˆ­á‰µáˆ«,1,4,15.00000000,39.00000000,ğŸ‡ªğŸ‡·
69,Estonia,EST,EE,233,372,Tallinn,EUR,Euro,â‚¬,.ee,Eesti,4,18,59.00000000,26.00000000,ğŸ‡ªğŸ‡ª
70,Ethiopia,ETH,ET,231,251,Addis Ababa,ETB,Ethiopian birr,Nkf,.et,áŠ¢á‰µá‹®áŒµá‹«,1,4,8.00000000,38.00000000,ğŸ‡ªğŸ‡¹
71,Falkland Islands,FLK,FK,238,500,Stanley,FKP,Falkland Islands pound,Â£,.fk,Falkland Islands,2,8,-51.75000000,-59.00000000,ğŸ‡«ğŸ‡°
72,Faroe Islands,FRO,FO,234,298,Torshavn,DKK,Danish krone,Kr.,.fo,FÃ¸royar,4,18,62.00000000,-7.00000000,ğŸ‡«ğŸ‡´
73,Fiji Islands,FJI,FJ,242,679,Suva,FJD,Fijian dollar,FJ$,.fj,Fiji,5,20,-18.00000000,175.00000000,ğŸ‡«ğŸ‡¯
74,Finland,FIN,FI,246,358,Helsinki,EUR,Euro,â‚¬,.fi,Suomi,4,18,64.00000000,26.00000000,ğŸ‡«ğŸ‡®
75,France,FRA,FR,250,33,Paris,EUR,Euro,â‚¬,.fr,France,4,17,46.00000000,2.00000000,ğŸ‡«ğŸ‡·
76,French Guiana,GUF,GF,254,594,Cayenne,EUR,Euro,â‚¬,.gf,Guyane franÃ§aise,2,8,4.00000000,-53.00000000,ğŸ‡¬ğŸ‡«
77,French Polynesia,PYF,PF,258,689,Papeete,XPF,CFP franc,â‚£,.pf,PolynÃ©sie franÃ§aise,5,22,-15.00000000,-140.00000000,ğŸ‡µğŸ‡«
78,French Southern Territories,ATF,TF,260,262,Port-aux-Francais,EUR,Euro,â‚¬,.tf,Territoire des Terres australes et antarctiques fr,1,5,-49.25000000,69.16700000,ğŸ‡¹ğŸ‡«
79,Gabon,GAB,GA,266,241,Libreville,XAF,Central African CFA franc,FCFA,.ga,Gabon,1,2,-1.00000000,11.75000000,ğŸ‡¬ğŸ‡¦
80,Gambia The,GMB,GM,270,220,Banjul,GMD,Gambian dalasi,D,.gm,Gambia,1,3,13.46666666,-16.56666666,ğŸ‡¬ğŸ‡²
81,Georgia,GEO,GE,268,995,Tbilisi,GEL,Georgian lari,áƒš,.ge,áƒ¡áƒáƒ¥áƒáƒ áƒ—áƒ•áƒ”áƒšáƒ,3,11,42.00000000,43.50000000,ğŸ‡¬ğŸ‡ª
82,Germany,DEU,DE,276,49,Berlin,EUR,Euro,â‚¬,.de,Deutschland,4,17,51.00000000,9.00000000,ğŸ‡©ğŸ‡ª
83,Ghana,GHA,GH,288,233,Accra,GHS,Ghanaian cedi,GHâ‚µ,.gh,Ghana,1,3,8.00000000,-2.00000000,ğŸ‡¬ğŸ‡­
84,Gibraltar,GIB,GI,292,350,Gibraltar,GIP,Gibraltar pound,Â£,.gi,Gibraltar,4,16,36.13333333,-5.35000000,ğŸ‡¬ğŸ‡®
85,Greece,GRC,GR,300,30,Athens,EUR,Euro,â‚¬,.gr,Î•Î»Î»Î¬Î´Î±,4,16,39.00000000,22.00000000,ğŸ‡¬ğŸ‡·
86,Greenland,GRL,GL,304,299,Nuuk,DKK,Danish krone,Kr.,.gl,Kalaallit Nunaat,2,6,72.00000000,-40.00000000,ğŸ‡¬ğŸ‡±
87,Grenada,GRD,GD,308,+1-473,St. George's,XCD,Eastern Caribbean dollar,$,.gd,Grenada,2,7,12.11666666,-61.66666666,ğŸ‡¬ğŸ‡©
88,Guadeloupe,GLP,GP,312,590,Basse-Terre,EUR,Euro,â‚¬,.gp,Guadeloupe,2,7,16.25000000,-61.58333300,ğŸ‡¬ğŸ‡µ
89,Guam,GUM,GU,316,+1-671,Hagatna,USD,US Dollar,$,.gu,Guam,5,21,13.46666666,144.78333333,ğŸ‡¬ğŸ‡º
90,Guatemala,GTM,GT,320,502,Guatemala City,GTQ,Guatemalan quetzal,Q,.gt,Guatemala,2,9,15.50000000,-90.25000000,ğŸ‡¬ğŸ‡¹
91,Guernsey and Alderney,GGY,GG,831,+44-1481,St Peter Port,GBP,British pound,Â£,.gg,Guernsey,4,18,49.46666666,-2.58333333,ğŸ‡¬ğŸ‡¬
92,Guinea,GIN,GN,324,224,Conakry,GNF,Guinean franc,FG,.gn,GuinÃ©e,1,3,11.00000000,-10.00000000,ğŸ‡¬ğŸ‡³
93,Guinea-Bissau,GNB,GW,624,245,Bissau,XOF,West African CFA franc,CFA,.gw,GuinÃ©-Bissau,1,3,12.00000000,-15.00000000,ğŸ‡¬ğŸ‡¼
94,Guyana,GUY,GY,328,592,Georgetown,GYD,Guyanese dollar,$,.gy,Guyana,2,8,5.00000000,-59.00000000,ğŸ‡¬ğŸ‡¾
95,Haiti,HTI,HT,332,509,Port-au-Prince,HTG,Haitian gourde,G,.ht,HaÃ¯ti,2,7,19.00000000,-72.41666666,ğŸ‡­ğŸ‡¹
96,Heard Island and McDonald Islands,HMD,HM,334,672,,AUD,Australian dollar,$,.hm,Heard Island and McDonald Islands,,,-53.10000000,72.51666666,ğŸ‡­ğŸ‡²
97,Honduras,HND,HN,340,504,Tegucigalpa,HNL,Honduran lempira,L,.hn,Honduras,2,9,15.00000000,-86.50000000,ğŸ‡­ğŸ‡³
98,Hong Kong S.A.R.,HKG,HK,344,852,Hong Kong,HKD,Hong Kong dollar,$,.hk,é¦™æ¸¯,3,12,22.25000000,114.16666666,ğŸ‡­ğŸ‡°
99,Hungary,HUN,HU,348,36,Budapest,HUF,Hungarian forint,Ft,.hu,MagyarorszÃ¡g,4,15,47.00000000,20.00000000,ğŸ‡­ğŸ‡º
100,Iceland,ISL,IS,352,354,Reykjavik,ISK,Icelandic krÃ³na,kr,.is,Ãsland,4,18,65.00000000,-18.00000000,ğŸ‡®ğŸ‡¸
101,India,IND,IN,356,91,New Delhi,INR,Indian rupee,â‚¹,.in,à¤­à¤¾à¤°à¤¤,3,14,20.00000000,77.00000000,ğŸ‡®ğŸ‡³
102,Indonesia,IDN,ID,360,62,Jakarta,IDR,Indonesian rupiah,Rp,.id,Indonesia,3,13,-5.00000000,120.00000000,ğŸ‡®ğŸ‡©
103,Iran,IRN,IR,364,98,Tehran,IRR,Iranian rial,ï·¼,.ir,Ø§ÛŒØ±Ø§Ù†,3,14,32.00000000,53.00000000,ğŸ‡®ğŸ‡·
104,Iraq,IRQ,IQ,368,964,Baghdad,IQD,Iraqi dinar,Ø¯.Ø¹,.iq,Ø§Ù„Ø¹Ø±Ø§Ù‚,3,11,33.00000000,44.00000000,ğŸ‡®ğŸ‡¶
105,Ireland,IRL,IE,372,353,Dublin,EUR,Euro,â‚¬,.ie,Ã‰ire,4,18,53.00000000,-8.00000000,ğŸ‡®ğŸ‡ª
106,Israel,ISR,IL,376,972,Jerusalem,ILS,Israeli new shekel,â‚ª,.il,×™Ö´×©Ö°×‚×¨Ö¸×Öµ×œ,3,11,31.50000000,34.75000000,ğŸ‡®ğŸ‡±
107,Italy,ITA,IT,380,39,Rome,EUR,Euro,â‚¬,.it,Italia,4,16,42.83333333,12.83333333,ğŸ‡®ğŸ‡¹
108,Jamaica,JAM,JM,388,+1-876,Kingston,JMD,Jamaican dollar,J$,.jm,Jamaica,2,7,18.25000000,-77.50000000,ğŸ‡¯ğŸ‡²
109,Japan,JPN,JP,392,81,Tokyo,JPY,Japanese yen,Â¥,.jp,æ—¥æœ¬,3,12,36.00000000,138.00000000,ğŸ‡¯ğŸ‡µ
110,Jersey,JEY,JE,832,+44-1534,Saint Helier,GBP,British pound,Â£,.je,Jersey,4,18,49.25000000,-2.16666666,ğŸ‡¯ğŸ‡ª
111,Jordan,JOR,JO,400,962,Amman,JOD,Jordanian dinar,Ø§.Ø¯,.jo,Ø§Ù„Ø£Ø±Ø¯Ù†,3,11,31.00000000,36.00000000,ğŸ‡¯ğŸ‡´
112,Kazakhstan,KAZ,KZ,398,7,Astana,KZT,Kazakhstani tenge,Ğ»Ğ²,.kz,ÒšĞ°Ğ·Ğ°Ò›ÑÑ‚Ğ°Ğ½,3,10,48.00000000,68.00000000,ğŸ‡°ğŸ‡¿
113,Kenya,KEN,KE,404,254,Nairobi,KES,Kenyan shilling,KSh,.ke,Kenya,1,4,1.00000000,38.00000000,ğŸ‡°ğŸ‡ª
114,Kiribati,KIR,KI,296,686,Tarawa,AUD,Australian dollar,$,.ki,Kiribati,5,21,1.41666666,173.00000000,ğŸ‡°ğŸ‡®
248,Kosovo,XKX,XK,926,383,Pristina,EUR,Euro,â‚¬,.xk,Republika e KosovÃ«s,4,15,42.56129090,20.34030350,ğŸ‡½ğŸ‡°
117,Kuwait,KWT,KW,414,965,Kuwait City,KWD,Kuwaiti dinar,Ùƒ.Ø¯,.kw,Ø§Ù„ÙƒÙˆÙŠØª,3,11,29.50000000,45.75000000,ğŸ‡°ğŸ‡¼
118,Kyrgyzstan,KGZ,KG,417,996,Bishkek,KGS,Kyrgyzstani som,Ğ»Ğ²,.kg,ĞšÑ‹Ñ€Ğ³Ñ‹Ğ·ÑÑ‚Ğ°Ğ½,3,10,41.00000000,75.00000000,ğŸ‡°ğŸ‡¬
119,Laos,LAO,LA,418,856,Vientiane,LAK,Lao kip,â‚­,.la,àºªàº›àº›àº¥àº²àº§,3,13,18.00000000,105.00000000,ğŸ‡±ğŸ‡¦
120,Latvia,LVA,LV,428,371,Riga,EUR,Euro,â‚¬,.lv,Latvija,4,18,57.00000000,25.00000000,ğŸ‡±ğŸ‡»
121,Lebanon,LBN,LB,422,961,Beirut,LBP,Lebanese pound,Â£,.lb,Ù„Ø¨Ù†Ø§Ù†,3,11,33.83333333,35.83333333,ğŸ‡±ğŸ‡§
122,Lesotho,LSO,LS,426,266,Maseru,LSL,Lesotho loti,L,.ls,Lesotho,1,5,-29.50000000,28.50000000,ğŸ‡±ğŸ‡¸
123,Liberia,LBR,LR,430,231,Monrovia,LRD,Liberian dollar,$,.lr,Liberia,1,3,6.50000000,-9.50000000,ğŸ‡±ğŸ‡·
124,Libya,LBY,LY,434,218,Tripolis,LYD,Libyan dinar,Ø¯.Ù„,.ly,â€Ù„ÙŠØ¨ÙŠØ§,1,1,25.00000000,17.00000000,ğŸ‡±ğŸ‡¾
125,Liechtenstein,LIE,LI,438,423,Vaduz,CHF,Swiss franc,CHf,.li,Liechtenstein,4,17,47.26666666,9.53333333,ğŸ‡±ğŸ‡®
126,Lithuania,LTU,LT,440,370,Vilnius,EUR,Euro,â‚¬,.lt,Lietuva,4,18,56.00000000,24.00000000,ğŸ‡±ğŸ‡¹
127,Luxembourg,LUX,LU,442,352,Luxembourg,EUR,Euro,â‚¬,.lu,Luxembourg,4,17,49.75000000,6.16666666,ğŸ‡±ğŸ‡º
128,Macau S.A.R.,MAC,MO,446,853,Macao,MOP,Macanese pataca,$,.mo,æ¾³é–€,3,12,22.16666666,113.55000000,ğŸ‡²ğŸ‡´
130,Madagascar,MDG,MG,450,261,Antananarivo,MGA,Malagasy ariary,Ar,.mg,Madagasikara,1,4,-20.00000000,47.00000000,ğŸ‡²ğŸ‡¬
131,Malawi,MWI,MW,454,265,Lilongwe,MWK,Malawian kwacha,MK,.mw,Malawi,1,4,-13.50000000,34.00000000,ğŸ‡²ğŸ‡¼
132,Malaysia,MYS,MY,458,60,Kuala Lumpur,MYR,Malaysian ringgit,RM,.my,Malaysia,3,13,2.50000000,112.50000000,ğŸ‡²ğŸ‡¾
133,Maldives,MDV,MV,462,960,Male,MVR,Maldivian rufiyaa,Rf,.mv,Maldives,3,14,3.25000000,73.00000000,ğŸ‡²ğŸ‡»
134,Mali,MLI,ML,466,223,Bamako,XOF,West African CFA franc,CFA,.ml,Mali,1,3,17.00000000,-4.00000000,ğŸ‡²ğŸ‡±
135,Malta,MLT,MT,470,356,Valletta,EUR,Euro,â‚¬,.mt,Malta,4,16,35.83333333,14.58333333,ğŸ‡²ğŸ‡¹
136,Man (Isle of),IMN,IM,833,+44-1624,"Douglas, Isle of Man",GBP,British pound,Â£,.im,Isle of Man,4,18,54.25000000,-4.50000000,ğŸ‡®ğŸ‡²
137,Marshall Islands,MHL,MH,584,692,Majuro,USD,United States dollar,$,.mh,MÌ§ajeÄ¼,5,21,9.00000000,168.00000000,ğŸ‡²ğŸ‡­
138,Martinique,MTQ,MQ,474,596,Fort-de-France,EUR,Euro,â‚¬,.mq,Martinique,2,7,14.66666700,-61.00000000,ğŸ‡²ğŸ‡¶
139,Mauritania,MRT,MR,478,222,Nouakchott,MRO,Mauritanian ouguiya,MRU,.mr,Ù…ÙˆØ±ÙŠØªØ§Ù†ÙŠØ§,1,3,20.00000000,-12.00000000,ğŸ‡²ğŸ‡·
140,Mauritius,MUS,MU,480,230,Port Louis,MUR,Mauritian rupee,â‚¨,.mu,Maurice,1,4,-20.28333333,57.55000000,ğŸ‡²ğŸ‡º
141,Mayotte,MYT,YT,175,262,Mamoudzou,EUR,Euro,â‚¬,.yt,Mayotte,1,4,-12.83333333,45.16666666,ğŸ‡¾ğŸ‡¹
142,Mexico,MEX,MX,484,52,Ciudad de MÃ©xico,MXN,Mexican peso,$,.mx,MÃ©xico,2,9,23.00000000,-102.00000000,ğŸ‡²ğŸ‡½
143,Micronesia,FSM,FM,583,691,Palikir,USD,United States dollar,$,.fm,Micronesia,5,21,6.91666666,158.25000000,ğŸ‡«ğŸ‡²
144,Moldova,MDA,MD,498,373,Chisinau,MDL,Moldovan leu,L,.md,Moldova,4,15,47.00000000,29.00000000,ğŸ‡²ğŸ‡©
145,Monaco,MCO,MC,492,377,Monaco,EUR,Euro,â‚¬,.mc,Monaco,4,17,43.73333333,7.40000000,ğŸ‡²ğŸ‡¨
146,Mongolia,MNG,MN,496,976,Ulan Bator,MNT,Mongolian tÃ¶grÃ¶g,â‚®,.mn,ĞœĞ¾Ğ½Ğ³Ğ¾Ğ» ÑƒĞ»Ñ,3,12,46.00000000,105.00000000,ğŸ‡²ğŸ‡³
147,Montenegro,MNE,ME,499,382,Podgorica,EUR,Euro,â‚¬,.me,Ğ¦Ñ€Ğ½Ğ° Ğ“Ğ¾Ñ€Ğ°,4,16,42.50000000,19.30000000,ğŸ‡²ğŸ‡ª
148,Montserrat,MSR,MS,500,+1-664,Plymouth,XCD,Eastern Caribbean dollar,$,.ms,Montserrat,2,7,16.75000000,-62.20000000,ğŸ‡²ğŸ‡¸
149,Morocco,MAR,MA,504,212,Rabat,MAD,Moroccan dirham,DH,.ma,Ø§Ù„Ù…ØºØ±Ø¨,1,1,32.00000000,-5.00000000,ğŸ‡²ğŸ‡¦
150,Mozambique,MOZ,MZ,508,258,Maputo,MZN,Mozambican metical,MT,.mz,MoÃ§ambique,1,4,-18.25000000,35.00000000,ğŸ‡²ğŸ‡¿
151,Myanmar,MMR,MM,104,95,Nay Pyi Taw,MMK,Burmese kyat,K,.mm,á€™á€¼á€”á€ºá€™á€¬,3,13,22.00000000,98.00000000,ğŸ‡²ğŸ‡²
152,Namibia,NAM,NA,516,264,Windhoek,NAD,Namibian dollar,$,.na,Namibia,1,5,-22.00000000,17.00000000,ğŸ‡³ğŸ‡¦
153,Nauru,NRU,NR,520,674,Yaren,AUD,Australian dollar,$,.nr,Nauru,5,21,-0.53333333,166.91666666,ğŸ‡³ğŸ‡·
154,Nepal,NPL,NP,524,977,Kathmandu,NPR,Nepalese rupee,â‚¨,.np,à¤¨à¤ªà¤²,3,14,28.00000000,84.00000000,ğŸ‡³ğŸ‡µ
156,Netherlands,NLD,NL,528,31,Amsterdam,EUR,Euro,â‚¬,.nl,Nederland,4,17,52.50000000,5.75000000,ğŸ‡³ğŸ‡±
157,New Caledonia,NCL,NC,540,687,Noumea,XPF,CFP franc,â‚£,.nc,Nouvelle-CalÃ©donie,5,20,-21.50000000,165.50000000,ğŸ‡³ğŸ‡¨
158,New Zealand,NZL,NZ,554,64,Wellington,NZD,New Zealand dollar,$,.nz,New Zealand,5,19,-41.00000000,174.00000000,ğŸ‡³ğŸ‡¿
159,Nicaragua,NIC,NI,558,505,Managua,NIO,Nicaraguan cÃ³rdoba,C$,.ni,Nicaragua,2,9,13.00000000,-85.00000000,ğŸ‡³ğŸ‡®
160,Niger,NER,NE,562,227,Niamey,XOF,West African CFA franc,CFA,.ne,Niger,1,3,16.00000000,8.00000000,ğŸ‡³ğŸ‡ª
161,Nigeria,NGA,NG,566,234,Abuja,NGN,Nigerian naira,â‚¦,.ng,Nigeria,1,3,10.00000000,8.00000000,ğŸ‡³ğŸ‡¬
162,Niue,NIU,NU,570,683,Alofi,NZD,New Zealand dollar,$,.nu,NiuÄ“,5,22,-19.03333333,-169.86666666,ğŸ‡³ğŸ‡º
163,Norfolk Island,NFK,NF,574,672,Kingston,AUD,Australian dollar,$,.nf,Norfolk Island,5,19,-29.03333333,167.95000000,ğŸ‡³ğŸ‡«
115,North Korea,PRK,KP,408,850,Pyongyang,KPW,North Korean Won,â‚©,.kp,ë¶í•œ,3,12,40.00000000,127.00000000,ğŸ‡°ğŸ‡µ
129,North Macedonia,MKD,MK,807,389,Skopje,MKD,Denar,Ğ´ĞµĞ½,.mk,Ğ¡ĞµĞ²ĞµÑ€Ğ½Ğ° ĞœĞ°ĞºĞµĞ´Ğ¾Ğ½Ğ¸Ñ˜Ğ°,4,16,41.83333333,22.00000000,ğŸ‡²ğŸ‡°
164,Northern Mariana Islands,MNP,MP,580,+1-670,Saipan,USD,United States dollar,$,.mp,Northern Mariana Islands,5,21,15.20000000,145.75000000,ğŸ‡²ğŸ‡µ
165,Norway,NOR,NO,578,47,Oslo,NOK,Norwegian krone,kr,.no,Norge,4,18,62.00000000,10.00000000,ğŸ‡³ğŸ‡´
166,Oman,OMN,OM,512,968,Muscat,OMR,Omani rial,.Ø¹.Ø±,.om,Ø¹Ù…Ø§Ù†,3,11,21.00000000,57.00000000,ğŸ‡´ğŸ‡²
167,Pakistan,PAK,PK,586,92,Islamabad,PKR,Pakistani rupee,â‚¨,.pk,Pakistan,3,14,30.00000000,70.00000000,ğŸ‡µğŸ‡°
168,Palau,PLW,PW,585,680,Melekeok,USD,United States dollar,$,.pw,Palau,5,21,7.50000000,134.50000000,ğŸ‡µğŸ‡¼
169,Palestinian Territory Occupied,PSE,PS,275,970,East Jerusalem,ILS,Israeli new shekel,â‚ª,.ps,ÙÙ„Ø³Ø·ÙŠÙ†,3,11,31.90000000,35.20000000,ğŸ‡µğŸ‡¸
170,Panama,PAN,PA,591,507,Panama City,PAB,Panamanian balboa,B/.,.pa,PanamÃ¡,2,9,9.00000000,-80.00000000,ğŸ‡µğŸ‡¦
171,Papua new Guinea,PNG,PG,598,675,Port Moresby,PGK,Papua New Guinean kina,K,.pg,Papua Niugini,5,20,-6.00000000,147.00000000,ğŸ‡µğŸ‡¬
172,Paraguay,PRY,PY,600,595,Asuncion,PYG,Paraguayan guarani,â‚²,.py,Paraguay,2,8,-23.00000000,-58.00000000,ğŸ‡µğŸ‡¾
173,Peru,PER,PE,604,51,Lima,PEN,Peruvian sol,S/.,.pe,PerÃº,2,8,-10.00000000,-76.00000000,ğŸ‡µğŸ‡ª
174,Philippines,PHL,PH,608,63,Manila,PHP,Philippine peso,â‚±,.ph,Pilipinas,3,13,13.00000000,122.00000000,ğŸ‡µğŸ‡­
175,Pitcairn Island,PCN,PN,612,870,Adamstown,NZD,New Zealand dollar,$,.pn,Pitcairn Islands,5,22,-25.06666666,-130.10000000,ğŸ‡µğŸ‡³
176,Poland,POL,PL,616,48,Warsaw,PLN,Polish zÅ‚oty,zÅ‚,.pl,Polska,4,15,52.00000000,20.00000000,ğŸ‡µğŸ‡±
177,Portugal,PRT,PT,620,351,Lisbon,EUR,Euro,â‚¬,.pt,Portugal,4,16,39.50000000,-8.00000000,ğŸ‡µğŸ‡¹
178,Puerto Rico,PRI,PR,630,+1-787 and 1-939,San Juan,USD,United States dollar,$,.pr,Puerto Rico,2,7,18.25000000,-66.50000000,ğŸ‡µğŸ‡·
179,Qatar,QAT,QA,634,974,Doha,QAR,Qatari riyal,Ù‚.Ø±,.qa,Ù‚Ø·Ø±,3,11,25.50000000,51.25000000,ğŸ‡¶ğŸ‡¦
180,Reunion,REU,RE,638,262,Saint-Denis,EUR,Euro,â‚¬,.re,La RÃ©union,1,4,-21.15000000,55.50000000,ğŸ‡·ğŸ‡ª
181,Romania,ROU,RO,642,40,Bucharest,RON,Romanian leu,lei,.ro,RomÃ¢nia,4,15,46.00000000,25.00000000,ğŸ‡·ğŸ‡´
182,Russia,RUS,RU,643,7,Moscow,RUB,Russian ruble,â‚½,.ru,Ğ Ğ¾ÑÑĞ¸Ñ,4,15,60.00000000,100.00000000,ğŸ‡·ğŸ‡º
183,Rwanda,RWA,RW,646,250,Kigali,RWF,Rwandan franc,FRw,.rw,Rwanda,1,4,-2.00000000,30.00000000,ğŸ‡·ğŸ‡¼
184,Saint Helena,SHN,SH,654,290,Jamestown,SHP,Saint Helena pound,Â£,.sh,Saint Helena,1,3,-15.95000000,-5.70000000,ğŸ‡¸ğŸ‡­
185,Saint Kitts And Nevis,KNA,KN,659,+1-869,Basseterre,XCD,Eastern Caribbean dollar,$,.kn,Saint Kitts and Nevis,2,7,17.33333333,-62.75000000,ğŸ‡°ğŸ‡³
186,Saint Lucia,LCA,LC,662,+1-758,Castries,XCD,Eastern Caribbean dollar,$,.lc,Saint Lucia,2,7,13.88333333,-60.96666666,ğŸ‡±ğŸ‡¨
187,Saint Pierre and Miquelon,SPM,PM,666,508,Saint-Pierre,EUR,Euro,â‚¬,.pm,Saint-Pierre-et-Miquelon,2,6,46.83333333,-56.33333333,ğŸ‡µğŸ‡²
188,Saint Vincent And The Grenadines,VCT,VC,670,+1-784,Kingstown,XCD,Eastern Caribbean dollar,$,.vc,Saint Vincent and the Grenadines,2,7,13.25000000,-61.20000000,ğŸ‡»ğŸ‡¨
189,Saint-Barthelemy,BLM,BL,652,590,Gustavia,EUR,Euro,â‚¬,.bl,Saint-BarthÃ©lemy,2,7,18.50000000,-63.41666666,ğŸ‡§ğŸ‡±
190,Saint-Martin (French part),MAF,MF,663,590,Marigot,EUR,Euro,â‚¬,.mf,Saint-Martin,2,7,18.08333333,-63.95000000,ğŸ‡²ğŸ‡«
191,Samoa,WSM,WS,882,685,Apia,WST,Samoan tÄlÄ,SAT,.ws,Samoa,5,22,-13.58333333,-172.33333333,ğŸ‡¼ğŸ‡¸
192,San Marino,SMR,SM,674,378,San Marino,EUR,Euro,â‚¬,.sm,San Marino,4,16,43.76666666,12.41666666,ğŸ‡¸ğŸ‡²
193,Sao Tome and Principe,STP,ST,678,239,Sao Tome,STD,Dobra,Db,.st,SÃ£o TomÃ© e PrÃ­ncipe,1,2,1.00000000,7.00000000,ğŸ‡¸ğŸ‡¹
194,Saudi Arabia,SAU,SA,682,966,Riyadh,SAR,Saudi riyal,ï·¼,.sa,Ø§Ù„Ù…Ù…Ù„ÙƒØ© Ø§Ù„Ø¹Ø±Ø¨ÙŠØ© Ø§Ù„Ø³Ø¹ÙˆØ¯ÙŠØ©,3,11,25.00000000,45.00000000,ğŸ‡¸ğŸ‡¦
195,Senegal,SEN,SN,686,221,Dakar,XOF,West African CFA franc,CFA,.sn,SÃ©nÃ©gal,1,3,14.00000000,-14.00000000,ğŸ‡¸ğŸ‡³
196,Serbia,SRB,RS,688,381,Belgrade,RSD,Serbian dinar,din,.rs,Ğ¡Ñ€Ğ±Ğ¸Ñ˜Ğ°,4,16,44.00000000,21.00000000,ğŸ‡·ğŸ‡¸
197,Seychelles,SYC,SC,690,248,Victoria,SCR,Seychellois rupee,SRe,.sc,Seychelles,1,4,-4.58333333,55.66666666,ğŸ‡¸ğŸ‡¨
198,Sierra Leone,SLE,SL,694,232,Freetown,SLL,Sierra Leonean leone,Le,.sl,Sierra Leone,1,3,8.50000000,-11.50000000,ğŸ‡¸ğŸ‡±
199,Singapore,SGP,SG,702,65,Singapur,SGD,Singapore dollar,$,.sg,Singapore,3,13,1.36666666,103.80000000,ğŸ‡¸ğŸ‡¬
250,Sint Maarten (Dutch part),SXM,SX,534,1721,Philipsburg,ANG,Netherlands Antillean guilder,Æ’,.sx,Sint Maarten,2,7,18.03333300,-63.05000000,ğŸ‡¸ğŸ‡½
200,Slovakia,SVK,SK,703,421,Bratislava,EUR,Euro,â‚¬,.sk,Slovensko,4,15,48.66666666,19.50000000,ğŸ‡¸ğŸ‡°
201,Slovenia,SVN,SI,705,386,Ljubljana,EUR,Euro,â‚¬,.si,Slovenija,4,16,46.11666666,14.81666666,ğŸ‡¸ğŸ‡®
202,Solomon Islands,SLB,SB,090,677,Honiara,SBD,Solomon Islands dollar,Si$,.sb,Solomon Islands,5,20,-8.00000000,159.00000000,ğŸ‡¸ğŸ‡§
203,Somalia,SOM,SO,706,252,Mogadishu,SOS,Somali shilling,Sh.so.,.so,Soomaaliya,1,4,10.00000000,49.00000000,ğŸ‡¸ğŸ‡´
204,South Africa,ZAF,ZA,710,27,Pretoria,ZAR,South African rand,R,.za,South Africa,1,5,-29.00000000,24.00000000,ğŸ‡¿ğŸ‡¦
205,South Georgia,SGS,GS,239,500,Grytviken,GBP,British pound,Â£,.gs,South Georgia,2,8,-54.50000000,-37.00000000,ğŸ‡¬ğŸ‡¸
116,South Korea,KOR,KR,410,82,Seoul,KRW,Won,â‚©,.kr,ëŒ€í•œë¯¼êµ­,3,12,37.00000000,127.50000000,ğŸ‡°ğŸ‡·
206,South Sudan,SSD,SS,728,211,Juba,SSP,South Sudanese pound,Â£,.ss,South Sudan,1,2,7.00000000,30.00000000,ğŸ‡¸ğŸ‡¸
207,Spain,ESP,ES,724,34,Madrid,EUR,Euro,â‚¬,.es,EspaÃ±a,4,16,40.00000000,-4.00000000,ğŸ‡ªğŸ‡¸
208,Sri Lanka,LKA,LK,144,94,Colombo,LKR,Sri Lankan rupee,Rs,.lk,Å›rÄ« laá¹ƒkÄva,3,14,7.00000000,81.00000000,ğŸ‡±ğŸ‡°
209,Sudan,SDN,SD,729,249,Khartoum,SDG,Sudanese pound,.Ø³.Ø¬,.sd,Ø§Ù„Ø³ÙˆØ¯Ø§Ù†,1,1,15.00000000,30.00000000,ğŸ‡¸ğŸ‡©
210,Suriname,SUR,SR,740,597,Paramaribo,SRD,Surinamese dollar,$,.sr,Suriname,2,8,4.00000000,-56.00000000,ğŸ‡¸ğŸ‡·
211,Svalbard And Jan Mayen Islands,SJM,SJ,744,47,Longyearbyen,NOK,Norwegian Krone,kr,.sj,Svalbard og Jan Mayen,4,18,78.00000000,20.00000000,ğŸ‡¸ğŸ‡¯
212,Swaziland,SWZ,SZ,748,268,Mbabane,SZL,Lilangeni,E,.sz,Swaziland,1,5,-26.50000000,31.50000000,ğŸ‡¸ğŸ‡¿
213,Sweden,SWE,SE,752,46,Stockholm,SEK,Swedish krona,kr,.se,Sverige,4,18,62.00000000,15.00000000,ğŸ‡¸ğŸ‡ª
214,Switzerland,CHE,CH,756,41,Bern,CHF,Swiss franc,CHf,.ch,Schweiz,4,17,47.00000000,8.00000000,ğŸ‡¨ğŸ‡­
215,Syria,SYR,SY,760,963,Damascus,SYP,Syrian pound,LS,.sy,Ø³ÙˆØ±ÙŠØ§,3,11,35.00000000,38.00000000,ğŸ‡¸ğŸ‡¾
216,Taiwan,TWN,TW,158,886,Taipei,TWD,New Taiwan dollar,$,.tw,è‡ºç£,3,12,23.50000000,121.00000000,ğŸ‡¹ğŸ‡¼
217,Tajikistan,TJK,TJ,762,992,Dushanbe,TJS,Tajikistani somoni,SM,.tj,Ğ¢Ğ¾Ò·Ğ¸ĞºĞ¸ÑÑ‚Ğ¾Ğ½,3,10,39.00000000,71.00000000,ğŸ‡¹ğŸ‡¯
218,Tanzania,TZA,TZ,834,255,Dodoma,TZS,Tanzanian shilling,TSh,.tz,Tanzania,1,4,-6.00000000,35.00000000,ğŸ‡¹ğŸ‡¿
219,Thailand,THA,TH,764,66,Bangkok,THB,Thai baht,à¸¿,.th,à¸›à¸£à¸°à¹€à¸—à¸¨à¹„à¸—à¸¢,3,13,15.00000000,100.00000000,ğŸ‡¹ğŸ‡­
17,The Bahamas,BHS,BS,044,+1-242,Nassau,BSD,Bahamian dollar,B$,.bs,Bahamas,2,7,24.25000000,-76.00000000,ğŸ‡§ğŸ‡¸
220,Togo,TGO,TG,768,228,Lome,XOF,West African CFA franc,CFA,.tg,Togo,1,3,8.00000000,1.16666666,ğŸ‡¹ğŸ‡¬
221,Tokelau,TKL,TK,772,690,,NZD,New Zealand dollar,$,.tk,Tokelau,5,22,-9.00000000,-172.00000000,ğŸ‡¹ğŸ‡°
222,Tonga,TON,TO,776,676,Nuku'alofa,TOP,Tongan paÊ»anga,$,.to,Tonga,5,22,-20.00000000,-175.00000000,ğŸ‡¹ğŸ‡´
223,Trinidad And Tobago,TTO,TT,780,+1-868,Port of Spain,TTD,Trinidad and Tobago dollar,$,.tt,Trinidad and Tobago,2,7,11.00000000,-61.00000000,ğŸ‡¹ğŸ‡¹
224,Tunisia,TUN,TN,788,216,Tunis,TND,Tunisian dinar,Øª.Ø¯,.tn,ØªÙˆÙ†Ø³,1,1,34.00000000,9.00000000,ğŸ‡¹ğŸ‡³
225,Turkey,TUR,TR,792,90,Ankara,TRY,Turkish lira,â‚º,.tr,TÃ¼rkiye,3,11,39.00000000,35.00000000,ğŸ‡¹ğŸ‡·
226,Turkmenistan,TKM,TM,795,993,Ashgabat,TMT,Turkmenistan manat,T,.tm,TÃ¼rkmenistan,3,10,40.00000000,60.00000000,ğŸ‡¹ğŸ‡²
227,Turks And Caicos Islands,TCA,TC,796,+1-649,Cockburn Town,USD,United States dollar,$,.tc,Turks and Caicos Islands,2,7,21.75000000,-71.58333333,ğŸ‡¹ğŸ‡¨
228,Tuvalu,TUV,TV,798,688,Funafuti,AUD,Australian dollar,$,.tv,Tuvalu,5,22,-8.00000000,178.00000000,ğŸ‡¹ğŸ‡»
229,Uganda,UGA,UG,800,256,Kampala,UGX,Ugandan shilling,USh,.ug,Uganda,1,4,1.00000000,32.00000000,ğŸ‡ºğŸ‡¬
230,Ukraine,UKR,UA,804,380,Kyiv,UAH,Ukrainian hryvnia,â‚´,.ua,Ğ£ĞºÑ€Ğ°Ñ—Ğ½Ğ°,4,15,49.00000000,32.00000000,ğŸ‡ºğŸ‡¦
231,United Arab Emirates,ARE,AE,784,971,Abu Dhabi,AED,United Arab Emirates dirham,Ø¥.Ø¯,.ae,Ø¯ÙˆÙ„Ø© Ø§Ù„Ø¥Ù…Ø§Ø±Ø§Øª Ø§Ù„Ø¹Ø±Ø¨ÙŠØ© Ø§Ù„Ù…ØªØ­Ø¯Ø©,3,11,24.00000000,54.00000000,ğŸ‡¦ğŸ‡ª
232,United Kingdom,GBR,GB,826,44,London,GBP,British pound,Â£,.uk,United Kingdom,4,18,54.00000000,-2.00000000,ğŸ‡¬ğŸ‡§
233,United States,USA,US,840,1,Washington,USD,United States dollar,$,.us,United States,2,6,38.00000000,-97.00000000,ğŸ‡ºğŸ‡¸
234,United States Minor Outlying Islands,UMI,UM,581,1,,USD,United States dollar,$,.us,United States Minor Outlying Islands,2,6,0.00000000,0.00000000,ğŸ‡ºğŸ‡²
235,Uruguay,URY,UY,858,598,Montevideo,UYU,Uruguayan peso,$,.uy,Uruguay,2,8,-33.00000000,-56.00000000,ğŸ‡ºğŸ‡¾
236,Uzbekistan,UZB,UZ,860,998,Tashkent,UZS,Uzbekistani soÊ»m,Ğ»Ğ²,.uz,Oâ€˜zbekiston,3,10,41.00000000,64.00000000,ğŸ‡ºğŸ‡¿
237,Vanuatu,VUT,VU,548,678,Port Vila,VUV,Vanuatu vatu,VT,.vu,Vanuatu,5,20,-16.00000000,167.00000000,ğŸ‡»ğŸ‡º
238,Vatican City State (Holy See),VAT,VA,336,379,Vatican City,EUR,Euro,â‚¬,.va,Vaticano,4,16,41.90000000,12.45000000,ğŸ‡»ğŸ‡¦
239,Venezuela,VEN,VE,862,58,Caracas,VES,BolÃ­var,Bs,.ve,Venezuela,2,8,8.00000000,-66.00000000,ğŸ‡»ğŸ‡ª
240,Vietnam,VNM,VN,704,84,Hanoi,VND,Vietnamese Ä‘á»“ng,â‚«,.vn,Viá»‡t Nam,3,13,16.16666666,107.83333333,ğŸ‡»ğŸ‡³
241,Virgin Islands (British),VGB,VG,092,+1-284,Road Town,USD,United States dollar,$,.vg,British Virgin Islands,2,7,18.43138300,-64.62305000,ğŸ‡»ğŸ‡¬
242,Virgin Islands (US),VIR,VI,850,+1-340,Charlotte Amalie,USD,United States dollar,$,.vi,United States Virgin Islands,2,7,18.34000000,-64.93000000,ğŸ‡»ğŸ‡®
243,Wallis And Futuna Islands,WLF,WF,876,681,Mata Utu,XPF,CFP franc,â‚£,.wf,Wallis et Futuna,5,22,-13.30000000,-176.20000000,ğŸ‡¼ğŸ‡«
244,Western Sahara,ESH,EH,732,212,El-Aaiun,MAD,Moroccan Dirham,MAD,.eh,Ø§Ù„ØµØ­Ø±Ø§Ø¡ Ø§Ù„ØºØ±Ø¨ÙŠØ©,1,1,24.50000000,-13.00000000,ğŸ‡ªğŸ‡­
245,Yemen,YEM,YE,887,967,Sanaa,YER,Yemeni rial,ï·¼,.ye,Ø§Ù„ÙŠÙÙ…ÙÙ†,3,11,15.00000000,48.00000000,ğŸ‡¾ğŸ‡ª
246,Zambia,ZMB,ZM,894,260,Lusaka,ZMW,Zambian kwacha,ZK,.zm,Zambia,1,4,-15.00000000,30.00000000,ğŸ‡¿ğŸ‡²
247,Zimbabwe,ZWE,ZW,716,263,Harare,ZWL,Zimbabwe Dollar,$,.zw,Zimbabwe,1,4,-20.00000000,30.00000000,ğŸ‡¿ğŸ‡¼
